"Rank","Name","Symbol","marketcap","price (USD)","country"
"1","LVMH","MC.PA","262476417402","532.444","France"
"2","Inditex","ITX.MC","209396509336","67.2573","Spain"
"3","Hermès","RMS.PA","197244810690","1883.15","France"
"4","TJX Companies","TJX","148273430528","134.22","United States"
"5","Fast Retailing","9983.T","137068983803","446.696","Japan"
"6","Dior","CDI.PA","84666646971","469.3","France"
"7","Cintas","CTAS","81694613504","204.15","United States"
"8","Ross Stores","ROST","73737945088","229.87","United States"
"9","Nike","NKE","57025691648","38.44","United States"
"10","Kering","KER.PA","36561238196","298.171","France"
"11","Adidas","ADS.DE","31213157147","178.297","Germany"
"12","H&amp;M","HM-B.ST","29132241428","18.249","Sweden"
"13","Tapestry","TPR","24573030400","123.24","United States"
"14","Next plc","NXT.L","23951344155","209.82","United Kingdom"
"15","Ralph Lauren","RL","20966989824","351.9","United States"
"16","Burlington Stores","BURL","18253240320","290","United States"
"17","Moncler","MONC.MI","15215455660","55.9413","Italy"
"18","Prada","1913.HK","13625907720","5.32507","Italy"
"19","lululemon athletica","LULU","13058701312","115","Canada"
"20","Aritzia","ATZ.TO","10855633968","94.7425","Canada"
"21","LPP SA","LPP.WA","10359144547","5573.3","Poland"
"22","Gildan","GIL","9857761280","53.23","Canada"
"23","Levi Strauss &amp; Co.","LEVI","8101104128","21.05","United States"
"24","Gap Inc.","GAP","7496561664","20.825","United States"
"25","Brunello Cucinelli","BC.MI","7042404429","103.565","Italy"
"26","Zalando","ZAL.DE","6822528937","27.9357","Germany"
"27","Urban Outfitters","URBN","6747188224","78.79","United States"
"28","Bosideng","3998.HK","6539801490","0.560701","Hong Kong"
"29","Abercrombie &amp; Fitch","ANF","6475921920","145.75","United States"
"30","JD Sports Fashion","JD.L","5579495394","1.17033","United Kingdom"
"31","VF Corporation","VFC","5362355712","13.64","United States"
"32","Burberry","BRBY.L","5267015854","14.7037","United Kingdom"
"33","UniFirst","UNF","5167552000","285.75","United States"
"34","Boot Barn Holdings","BOOT","4712927232","155.62","United States"
"35","Pepkor","PPH.JO","4634474900","1.25684","South Africa"
"36","PUMA","PUM.DE","4462747369","30.3157","Germany"
"37","Victoria's Secret &amp; Co","VSCO","4312813568","54.3","United States"
"38","Kontoor Brands","KTB","4179909120","76.48","United States"
"39","Page Industries","PAGEIND.NS","4165194560","373.43","India"
"40","Ermenegildo Zegna","ZGN","3659776512","13.64","Italy"
"41","PVH Corp.","PVH","3511592448","76.16","United States"
"42","Columbia Sportswear","COLM","2909820928","56.84","United States"
"43","American Eagle Outfitters","AEO","2796798976","16.69","United States"
"44","FIGS","FIGS","2508717568","15.1","United States"
"45","Buckle","BKE","2211066368","42.92","United States"
"46","Under Armour","UA","2130545920","4.96","United States"
"47","Lojas Renner","LREN3.SA","1978757420","2.05924","Brazil"
"48","F&amp;F Co","383220.KS","1824060383","48.6655","South Korea"
"49","OVS S.p.A.","OVS.MI","1686614005","6.94315","Italy"
"50","Revolve Group","RVLV","1633543040","22.98","United States"
"51","PAL GROUP Holdings","2726.T","1614197555","9.32758","Japan"
"52","Savers Value Village","SVV","1613559936","10.53","United States"
"53","Misto Holdings (Fila)","081660.KS","1583621642","30.0795","South Korea"
"54","Delta Galil Industries","DELG.TA","1583052247","60.33","Israel"
"55","Capri Holdings","CPRI","1513012736","13.18","United Kingdom"
"56","Fox-Wizel","FOX.TA","1512140671","108.749","Israel"
"57","Arvind","ARVIND.NS","1489417425","5.68177","India"
"58","G-III Apparel Group","GIII","1407055488","33.35","United States"
"59","Vedant Fashions","MANYAVAR.NS","1391474502","5.72677","India"
"60","Wacoal Holdings","3591.T","1333800541","26.9798","Japan"
"61","Carter's","CRI","1223950848","33.34","United States"
"62","LuxExperience","LUXE","1070640512","7.8","Germany"
"63","The Foschini Group","TFG.JO","1032178100","3.27365","South Africa"
"64","Adastria","2685.T","983130526","21.313","Japan"
"65","AOKI Holdings","8214.T","939786619","11.158","Japan"
"66","Boozt","BOOZT.ST","904801713","15.519","Sweden"
"67","Delta Israel Brands","DLTI.TA","894296685","35.7324","Israel"
"68","Topsports International","6110.HK","886069692","0.142886","Hong Kong"
"69","Reformation Inc.","REF","868420224","14.7","United States"
"70","Canada Goose","GOOS","791050944","8.1","Canada"
"71","World Co., Ltd.","3612.T","791016828","10.3807","Japan"
"72","Aoyama Trading","8219.T","691758285","4.87333","Japan"
"73","ASOS","ASC.L","679646826","5.68035","United Kingdom"
"74","Aditya Birla Fashion and Retail","ABFRL.NS","678166113","0.557346","India"
"75","Onward Holdings Co., Ltd.","8016.T","640710847","4.7014","Japan"
"76","Mavi Giyim Sanayi ve Ticaret","MAVI.IS","621169688","0.792708","Turkey"
"77","RVRC Holding","RVRC.ST","600748877","5.74351","Sweden"
"78","SMCP S.A.","SMCP.PA","596955424","7.64213","France"
"79","Gokaldas Exports","GOKEX.NS","589802155","8.04887","India"
"80","Citi Trends, Inc.","CTRN","572010624","68.67","United States"
"81","Oxford Industries","OXM","570361600","38.2","United States"
"82","Nueva Expresión Textil","NXT.MC","563431695","1.30941","Spain"
"83","PDS Multinational","PDSL.NS","546193856","3.8672","India"
"84","Interloop","ILP.PK","514133727","0.366791","Pakistan"
"85","Boohoo Group","DEBS.L","463435246","0.294617","United Kingdom"
"86","Marimekko","MEKKO.HE","458368767","11.3001","Finland"
"87","Lindex Group","LINDEX.HE","448362877","2.73183","Finland"
"88","Universal Store Holdings","UNI.AX","447920032","5.83831","Australia"
"89","Van de Velde","VAN.BR","444214955","35.7642","Belgium"
"90","Stitch Fix","SFIX","412285888","3.09","United States"
"91","Lux Industries","LUXIND.NS","380584890","12.6559","India"
"92","Thob Al Aseel Company","4012.SR","371820491","0.929551","Saudi Arabia"
"93","Fenix Outdoor","FOI-B.ST","368497271","33.3375","Switzerland"
"94","Lands' End","LE","365508928","11.89","United States"
"95","ThredUp","TDUP","351974176","2.68","United States"
"96","Kewal Kiran Clothing","KKCL.NS","325505562","5.28202","India"
"97","Zumiez","ZUMZ","297625888","17.64","United States"
"98","J.Jill","JILL","296486560","19.83","United States"
"99","Giordano","0709.HK","286634044","0.177332","Hong Kong"
"100","Siyaram Silk Mills","SIYSIL.NS","267776585","5.90205","India"
"101","Kitex Garments","KITEX.NS","267746710","1.34209","India"
"102","Torrid Holding","CURV","222925664","2.24","United States"
"103","Cantabil Retail India","CANTABIL.NS","213690117","2.55494","India"
"104","Eagle Nice","2368.HK","207303698","0.361043","Hong Kong"
"105","Superior Group of Companies","SGC","194053104","12.17","United States"
"106","Texwinca Holdings","0321.HK","177154083","0.128215","Hong Kong"
"107","Dollar Industries","DOLLAR.NS","159744079","2.81656","India"
"108","Björn Borg","BORG.ST","154535185","6.13201","Sweden"
"109","Duluth Holdings","DLTH","140607664","3.7","United States"
"110","CALIDA Holding","CALN.SW","125184466","17.913","Switzerland"
"111","Rupa Company","RUPA.NS","123753393","1.55578","India"
"112","Global Fashion Group","GFG.DE","121861027","0.535881","Luxembourg"
"113","GEOX","GEO.MI","121573385","0.332013","Italy"
"114","Rent the Runway","RENT","121247000","3.61","United States"
"115","Lakeland Industries","LAKE","117936504","11.95","United States"
"116","Tillys","TLYS","117075528","3.84","United States"
"117","Monte Carlo Fashions","MONTECARLO.NS","116373799","5.61323","India"
"118","a.k.a. Brands","AKA","116065584","10.56","United States"
"119","Answear.com","ANR.WA","104927904","5.53035","Poland"
"120","Vince Holding","VNCE","100337368","7.81","United States"
"121","LUDWIG BECK am Rathauseck - Textilhaus Feldmeier","ECK.DE","82646786","22.3672","Germany"
"122","Grand Twins International Cambodia","GTI.KH","80178174","2","Cambodia"
"123","LightInTheBox Holding","LITB","63914124","3.24","Singapore"
"124","The Children's Place","PLCE","54480816","2.45","United States"
"125","Cato Fashion","CATO","53090564","2.66","United States"
"126","Pattern S.p.A.","PTR.MI","44221753","2.95899","Italy"
"127","Lulu's Fashion Lounge","LVLU","37818656","13.17","United States"
"128","Wolford","WOL.VI","35814350","2.42311","Austria"
"129","Destination XL","DXLG","34313536","0.6208","United States"
"130","Söktas Tekstil","SKTAS.IS","32856756","0.0657135","Turkey"
"131","Allbirds","BIRD","24392762","2.77","United States"
"132","Le Slip Français","ALLSF.PA","16331538","15.261","France"
"133","Perfect Moment","PMNT","6384303","0.12","United Kingdom"
"134","Kidpik","PIK","4644903","2.38","United States"
"135","KMD Brands","KMD.NZ","1965548","0.0414161","New Zealand"
